NumIterations,Accuracy
1,72.65
2,72.43
3,72.27
4,72.3125
5,72.248
10,72.18333333333334
20,72.14142857142858
30,72.21
40,72.2
80,72.199
100,72.227